"src_full_name";"pur_Hello";"pur_word_count"
"John Smith";"Hello John Smith!";2
"Vanessa Lewinsky";"Hello Vanessa Lewinsky!";2
"Prof. Karl Popper Ph.D.";"Hello Prof. Karl Popper Ph.D.!";4
"Lev Nikolayevich Tolstoy";"Hello Lev Nikolayevich Tolstoy!";3
"William Taylor";"Hello William Taylor!";2
"Augustin Noble";"Hello Augustin Noble!";2
"Daniel Deutsch";"Hello Daniel Deutsch!";2
"John W. Smith";"Hello John W. Smith!";3
"Smith John";"Hello Smith John!";2
"Gregory K Thoben";"Hello Gregory K Thoben!";3
"Jerome Simon";"Hello Jerome Simon!";2
"Perry Frydman";"Hello Perry Frydman!";2
"Dana C Jones";"Hello Dana C Jones!";3
"Milburr Laforce";"Hello Milburr Laforce!";2
"Donelle Tesh";"Hello Donelle Tesh!";2
"Doris Yaeger";"Hello Doris Yaeger!";2
"Erny Ayala";"Hello Erny Ayala!";2
"Auila Alcot";"Hello Auila Alcot!";2
"Landers Prevost";"Hello Landers Prevost!";2
"Lanni Clabaugh";"Hello Lanni Clabaugh!";2
"Ms Emmi Saxby";"Hello Ms Emmi Saxby!";3
"Rodmann Strassburg";"Hello Rodmann Strassburg!";2
"Izaak Steinert";"Hello Izaak Steinert!";2
"Schreiner Morgen";"Hello Schreiner Morgen!";2
"Gilli Blodgett";"Hello Gilli Blodgett!";2
"Candis Troxler";"Hello Candis Troxler!";2
"Ludlew Lisk";"Hello Ludlew Lisk!";2
"Minerva Duprey";"Hello Minerva Duprey!";2
"Jedthus Schwartzman";"Hello Jedthus Schwartzman!";2
"Reuven Katzenstein";"Hello Reuven Katzenstein!";2
"Lanni Clabaugh";"Hello Lanni Clabaugh!";2
"Angella Friedly McKinnie";"Hello Angella Friedly McKinnie!";3
"Mr McGlown Solon";"Hello Mr McGlown Solon!";3
"Besse Weinreb";"Hello Besse Weinreb!";2
"Mr Franciskus Rober";"Hello Mr Franciskus Rober!";3
"Ratti Egbert";"Hello Ratti Egbert!";2
"Creigh Macaulay";"Hello Creigh Macaulay!";2
"Creigh Macaulay";"Hello Creigh Macaulay!";2
"Christoper Whitely";"Hello Christoper Whitely!";2
"Arletta Bricker";"Hello Arletta Bricker!";2
"Carylon Krebs";"Hello Carylon Krebs!";2
"Zamor Garrek";"Hello Zamor Garrek!";2
"Pauletta Scola";"Hello Pauletta Scola!";2
"Marsha Smith";"Hello Marsha Smith!";2
"Robert Black";"Hello Robert Black!";2
"Angella Burnside";"Hello Angella Burnside!";2
"Ancilin Alvino";"Hello Ancilin Alvino!";2
"Vena Fagg";"Hello Vena Fagg!";2
"Rosamaria Angella Friedly";"Hello Rosamaria Angella Friedly!";3
"Landers Blakely";"Hello Landers Blakely!";2
"Adamsen Holsten";"Hello Adamsen Holsten!";2
"Bartman Huntingdon";"Hello Bartman Huntingdon!";2
"Huntingdon Bartman";"Hello Huntingdon Bartman!";2
"Geraldo Pinkus";"Hello Geraldo Pinkus!";2
"Pinkus Geraldo";"Hello Pinkus Geraldo!";2
"Tessi Batterton";"Hello Tessi Batterton!";2
"Erich Ehrman";"Hello Erich Ehrman!";2
"Ragnar Schwadron";"Hello Ragnar Schwadron!";2
"Dew Kinzel";"Hello Dew Kinzel!";2
"Kuper Reuben";"Hello Kuper Reuben!";2
"Evangelist Ruelas";"Hello Evangelist Ruelas!";2
"Shelden Faux";"Hello Shelden Faux!";2
"Ehrman Erich";"Hello Ehrman Erich!";2
"Shelden Faux";"Hello Shelden Faux!";2
"Inez Sanches";"Hello Inez Sanches!";2
"Jim Bretean";"Hello Jim Bretean!";2
"Iridis Lacount";"Hello Iridis Lacount!";2
"Limann Landman";"Hello Limann Landman!";2
"Shurlocke Foronda";"Hello Shurlocke Foronda!";2
"Placida Cushman";"Hello Placida Cushman!";2
"Ragnar Iacono";"Hello Ragnar Iacono!";2
"Joe Vogel";"Hello Joe Vogel!";2
